Название,Цена
Диван Льери Мини Velvet Light,68 240руб.
Диван Нумо Velvet Yellow,38 840руб.
Диван Тут Рядом Дом Серо-графитовый,76 640руб.
Диван угловой Эби-1 Velvet Coral,76 640руб.
Диван Бонент Velvet Eclipse,78 740руб.
Диван Нумо Мини Textile Yellow,26 240руб.
Диван Тут Рядом Космос Светло-Бежевый,115 490руб.
Диван Линс Velvet Navy Blue,34 640руб.
Кресло Тут Рядом Дом Сине-бежевый,53 540руб.
Диван угловой Эдвин Velvet Smoke,76 640руб.
Диван Бруквиль Velvet Blue,52 490руб.
Диван Байма Velvet Grey,73 490руб.
Диван Спейс Velvet Beige,66 140руб.
Диван угловой Беллер Textile Yellow,43 040руб.
Кресло Бенел Cozy Ivory,35 690руб.
Диван Нумо Velvet Grafit,38 840руб.
Кресло-кровать Маре Мини Velvet Grafit,22 040руб.
Диван Клаймар Velvet Beige,59 840руб.
Пуф Тут Рядом Дом Серо-графитовый,16 790руб.
Диван Марей Soft Grey,94 490руб.
Диван Сваут Velvet Grey,68 240руб.
Кресло Бенел Cozy Beige,35 690руб.
Диван Линс Velvet Grafit,34 640руб.
Диван угловой Аронт Мини Velvet Pink,59 840руб.
Диван Рейли Velvet Coral,32 540руб.
Диван угловой Вайвел Barhat Forest,94 490руб.
Диван Бруквиль Velvet Smoke,52 490руб.
Диван Коренс Happy Grey,31 490руб.
Диван угловой Шера Velvet Light,104 990руб.
Диван Види Textile Ocean,25 190руб.
Пуф Тут Рядом Дом Зеленый,16 790руб.
Кресло Пайл Barhat Beige,24 140руб.
Модульный диван Brera-2 Velour Mix,111 280руб.
Кресло Гета Soft Silver,32 540руб.
Диван угловой Нумо Velvet Yellow,49 340руб.
Модульный диван Нолан-B 3 Soft Jungle,120 720руб.
Диван Тут Рядом Дом Сине-бежевый,76 640руб.
Кресло Элвит Cozy Ivory,28 340руб.
Диван Сваут Velvet Mustard,68 240руб.
Кресло Рибс Velvet Beige,29 390руб.
Пуф Кропс Bucle Smoky,8390руб.
Пуф Лонди Cozy Beige,12 590руб.
Диван Мисл Barhat Mint,78 740руб.
Диван угловой Мейлон Velvet Eclipse,52 490руб.
Кресло Тут Рядом Дом Розовый,53 540руб.
Диван Нумо Мини Textile Light,26 240руб.
Диван угловой Бонент Velvet Grey,94 490руб.
Диван Рейли Velvet Mint,32 540руб.
